{
  "name": "personal-roboport-switch",
  "version": "0.1.4",
  "title": "Personal Roboport Switch",
  "author": "mknejp",
  "homepage": "https://forums.factorio.com/viewtopic.php?f=92&t=32681",
  "description": "Allows you to control whether the personal roboports equipped in your armor or a vehicle should automatically deactivate while within the range of other roboports. No longer pick up random junk while deconstructing your base! Default keybind is \"O\"",
  "factorio_version": "0.14",
  "dependencies": ["base >= 0.14"],
  "license": "MIT"
}
